title,author,rating,genre,description,publisher,year_published,isbn,page_count,image_link
It Ends with Us,Colleen Hoover,4.6, Contemporary Romance - General,"In this “brave and heartbreaking novel that digs its claws into you and doesn’t let go, long after you’ve finished it” (Anna Todd, New York Times bestselling author) from the #1 New York Times bestselling author of All Your Perfects, a workaholic with a too-good-to-be-true romance can’t stop thinking about her first love.",Atria Books,08/02/2016,9781501110368,384,"https://prodimage.images-bn.com/lf?set=key%5Bresolve.pixelRatio%5D,value%5B1%5D&set=key%5Bresolve.width%5D,value%5B300%5D&set=key%5Bresolve.height%5D,value%5B10000%5D&set=key%5Bresolve.imageFit%5D,value%5Bcontainerwidth%5D&set=key%5Bresolve.allowImageUpscaling%5D,value%5B0%5D&set=key%5Bresolve.format%5D,value%5Bwebp%5D&source=url%5Bhttps://prodimage.images-bn.com/pimages/9781501110368_p0_v11_s600x595.jpg%5D&scale=options%5Blimit%5D,size%5B300x10000%5D&sink=format%5Bwebp%5D"
The Last Thing He Told Me,Laura Dave,4.2, Adoption & Stepfamilies - Fiction,The instant #1 New York Times bestselling mystery and Reese Witherspoon Book Club pick that’s captivated more than two million readers about a woman searching for the truth about her husband’s disappearance...at any cost.,S&S/ Marysue Rucci Books,05/04/2021,9781501171345,2,"https://prodimage.images-bn.com/lf?set=key%5Bresolve.pixelRatio%5D,value%5B1%5D&set=key%5Bresolve.width%5D,value%5B600%5D&set=key%5Bresolve.height%5D,value%5B10000%5D&set=key%5Bresolve.imageFit%5D,value%5Bcontainerwidth%5D&set=key%5Bresolve.allowImageUpscaling%5D,value%5B0%5D&set=key%5Bresolve.format%5D,value%5Bwebp%5D&source=url%5Bhttps://prodimage.images-bn.com/pimages/9781501171345_p0_v7_s600x595.jpg%5D&scale=options%5Blimit%5D,size%5B600x10000%5D&sink=format%5Bwebp%5D"
If He Had Been with Me,Laura Nowlin,4.6, Dating and sex->Teen fiction->General,NaN,Sourcebooks,11/01/2019,9781728205489,400,"https://prodimage.images-bn.com/lf?set=key%5Bresolve.pixelRatio%5D,value%5B1%5D&set=key%5Bresolve.width%5D,value%5B600%5D&set=key%5Bresolve.height%5D,value%5B10000%5D&set=key%5Bresolve.imageFit%5D,value%5Bcontainerwidth%5D&set=key%5Bresolve.allowImageUpscaling%5D,value%5B0%5D&set=key%5Bresolve.format%5D,value%5Bwebp%5D&source=url%5Bhttps://prodimage.images-bn.com/pimages/9781728205489_p0_v2_s600x595.jpg%5D&scale=options%5Blimit%5D,size%5B600x10000%5D&sink=format%5Bwebp%5D"
It Starts with Us: A Novel,Colleen Hoover,4.7, Barnes & Noble's Best Romance of 2022,"Before It Ends with Us, it started with Atlas. Colleen Hoover tells fan favorite Atlas’s side of the story and shares what comes next in this long-anticipated sequel to the “glorious and touching” (USA TODAY) #1 New York Times bestseller It Ends with Us.",Atria Books,10/18/2022,9781668001226,336,"https://prodimage.images-bn.com/lf?set=key%5Bresolve.pixelRatio%5D,value%5B1%5D&set=key%5Bresolve.width%5D,value%5B300%5D&set=key%5Bresolve.height%5D,value%5B10000%5D&set=key%5Bresolve.imageFit%5D,value%5Bcontainerwidth%5D&set=key%5Bresolve.allowImageUpscaling%5D,value%5B0%5D&set=key%5Bresolve.format%5D,value%5Bwebp%5D&source=url%5Bhttps://prodimage.images-bn.com/pimages/9781668001226_p0_v6_s600x595.jpg%5D&scale=options%5Blimit%5D,size%5B300x10000%5D&sink=format%5Bwebp%5D"
Spare,"Prince Harry, The Duke of Sussex",4.0, Britain - Historical Biography - Rulers & Royal Families,#1 NEW YORK TIMES BESTSELLER ,Random House Publishing Group,01/10/2023,9780593593806,5,"https://prodimage.images-bn.com/lf?set=key%5Bresolve.pixelRatio%5D,value%5B1%5D&set=key%5Bresolve.width%5D,value%5B600%5D&set=key%5Bresolve.height%5D,value%5B10000%5D&set=key%5Bresolve.imageFit%5D,value%5Bcontainerwidth%5D&set=key%5Bresolve.allowImageUpscaling%5D,value%5B0%5D&set=key%5Bresolve.format%5D,value%5Bwebp%5D&source=url%5Bhttps://prodimage.images-bn.com/pimages/9780593593806_p0_v2_s600x595.jpg%5D&scale=options%5Blimit%5D,size%5B600x10000%5D&sink=format%5Bwebp%5D"
"The Galveston Diet: The Doctor-Developed, Patient-Proven Plan to Burn Fat and Tame Your Hormonal Symptoms",Mary Claire Haver MD,5.0, Diets - Special Conditions,WALL STREET JOURNAL AND PUBLISHERS WEEKLY BESTSELLER ,Harmony/Rodale,01/10/2023,9780593578896,6,"https://prodimage.images-bn.com/lf?set=key%5Bresolve.pixelRatio%5D,value%5B1%5D&set=key%5Bresolve.width%5D,value%5B600%5D&set=key%5Bresolve.height%5D,value%5B10000%5D&set=key%5Bresolve.imageFit%5D,value%5Bcontainerwidth%5D&set=key%5Bresolve.allowImageUpscaling%5D,value%5B0%5D&set=key%5Bresolve.format%5D,value%5Bwebp%5D&source=url%5Bhttps://prodimage.images-bn.com/pimages/9780593578896_p0_v1_s600x595.jpg%5D&scale=options%5Blimit%5D,size%5B600x10000%5D&sink=format%5Bwebp%5D"
The Book of Tea Boxed Set (B&N Exclusive Edition),Judy I. Lin,4.5, Fantasy->Epic->Teen fiction,"This limited edition boxed set contains the B&N exclusive edition of A Magic Steeped in Poison and a new exclusive edition of Venom Dark and Sweet. Each book includes foil type on the jacket, a unique case stamp, and character art endpapers. ",Feiwel & Friends,10/04/2022,9781250889393,B&N Exclusive Edition,"https://prodimage.images-bn.com/lf?set=key%5Bresolve.pixelRatio%5D,value%5B1%5D&set=key%5Bresolve.width%5D,value%5B600%5D&set=key%5Bresolve.height%5D,value%5B10000%5D&set=key%5Bresolve.imageFit%5D,value%5Bcontainerwidth%5D&set=key%5Bresolve.allowImageUpscaling%5D,value%5B0%5D&set=key%5Bresolve.format%5D,value%5Bwebp%5D&source=url%5Bhttps://prodimage.images-bn.com/pimages/9781250889393_p0_v1_s600x595.jpg%5D&scale=options%5Blimit%5D,size%5B600x10000%5D&sink=format%5Bwebp%5D"
The Creative Act: A Way of Being,Rick Rubin,0.0, Creativity,"The #1 New York Times bestseller.From the legendary music producer, a master at helping people connect with the wellsprings of their creativity, comes a beautifully crafted book many years in the making that offers that same deep wisdom to all of us.""A gorgeous and inspiring work of art on creation, creativity, the work of the artist. It will gladden the hearts of writers and artists everywhere, and get them working again with a new sense of meaning and direction. A stunning accomplishment.” —Anne Lamott",Penguin Publishing Group,01/17/2023,9780593652886,8,"https://prodimage.images-bn.com/lf?set=key%5Bresolve.pixelRatio%5D,value%5B1%5D&set=key%5Bresolve.width%5D,value%5B600%5D&set=key%5Bresolve.height%5D,value%5B10000%5D&set=key%5Bresolve.imageFit%5D,value%5Bcontainerwidth%5D&set=key%5Bresolve.allowImageUpscaling%5D,value%5B0%5D&set=key%5Bresolve.format%5D,value%5Bwebp%5D&source=url%5Bhttps://prodimage.images-bn.com/pimages/9780593652886_p0_v2_s600x595.jpg%5D&scale=options%5Blimit%5D,size%5B600x10000%5D&sink=format%5Bwebp%5D"
Twisted Hate (Twisted Series #3),Ana Huang,4.3, Contemporary Romance - General,NaN,Sourcebooks,09/27/2022,9781728274881,512,"https://prodimage.images-bn.com/lf?set=key%5Bresolve.pixelRatio%5D,value%5B1%5D&set=key%5Bresolve.width%5D,value%5B600%5D&set=key%5Bresolve.height%5D,value%5B10000%5D&set=key%5Bresolve.imageFit%5D,value%5Bcontainerwidth%5D&set=key%5Bresolve.allowImageUpscaling%5D,value%5B0%5D&set=key%5Bresolve.format%5D,value%5Bwebp%5D&source=url%5Bhttps://prodimage.images-bn.com/pimages/9781728274881_p0_v4_s600x595.jpg%5D&scale=options%5Blimit%5D,size%5B600x10000%5D&sink=format%5Bwebp%5D"
Under the Whispering Door (B&N Exclusive Edition) (B&N Speculative Fiction Book of the Year),TJ Klune,4.6, 2021 Barnes & Noble Book of the Year Finalists,BARNES & NOBLE'S SPECULATIVE FICTION BOOK OF THE YEAR FOR 2021,Tom Doherty Associates,09/21/2021,9781250835826,384,"https://prodimage.images-bn.com/lf?set=key%5Bresolve.pixelRatio%5D,value%5B1%5D&set=key%5Bresolve.width%5D,value%5B300%5D&set=key%5Bresolve.height%5D,value%5B10000%5D&set=key%5Bresolve.imageFit%5D,value%5Bcontainerwidth%5D&set=key%5Bresolve.allowImageUpscaling%5D,value%5B0%5D&set=key%5Bresolve.format%5D,value%5Bwebp%5D&source=url%5Bhttps://prodimage.images-bn.com/pimages/9781250835826_p0_v1_s600x595.jpg%5D&scale=options%5Blimit%5D,size%5B300x10000%5D&sink=format%5Bwebp%5D"
Final Offer,Lauren Asher,0.0, Billionaires - Contemporary Romance,NaN,Sourcebooks,01/31/2023,9781728272221,592,"https://prodimage.images-bn.com/lf?set=key%5Bresolve.pixelRatio%5D,value%5B1%5D&set=key%5Bresolve.width%5D,value%5B300%5D&set=key%5Bresolve.height%5D,value%5B10000%5D&set=key%5Bresolve.imageFit%5D,value%5Bcontainerwidth%5D&set=key%5Bresolve.allowImageUpscaling%5D,value%5B0%5D&set=key%5Bresolve.format%5D,value%5Bwebp%5D&source=url%5Bhttps://prodimage.images-bn.com/pimages/9781728272221_p0_v4_s600x595.jpg%5D&scale=options%5Blimit%5D,size%5B300x10000%5D&sink=format%5Bwebp%5D"
"Go Get 'Em, Tiger! (A Hello!Lucky Book) (Barnes & Noble Edition)",,0.0, Emotions & Behaviors - Kids Fiction,The perfect picture book to celebrate every milestone from the bestselling creators of Hello!Lucky!,ABRAMS,06/07/2022,9781419764615,B&N Exclusive Edition,"https://prodimage.images-bn.com/lf?set=key%5Bresolve.pixelRatio%5D,value%5B1%5D&set=key%5Bresolve.width%5D,value%5B600%5D&set=key%5Bresolve.height%5D,value%5B10000%5D&set=key%5Bresolve.imageFit%5D,value%5Bcontainerwidth%5D&set=key%5Bresolve.allowImageUpscaling%5D,value%5B0%5D&set=key%5Bresolve.format%5D,value%5Bwebp%5D&source=url%5Bhttps://prodimage.images-bn.com/pimages/9781419764615_p0_v1_s600x595.jpg%5D&scale=options%5Blimit%5D,size%5B600x10000%5D&sink=format%5Bwebp%5D"
Twisted Lies (Twisted Series #4),Ana Huang,5.0, Contemporary Romance - General,NaN,Sourcebooks,09/27/2022,9781728274898,560,"https://prodimage.images-bn.com/lf?set=key%5Bresolve.pixelRatio%5D,value%5B1%5D&set=key%5Bresolve.width%5D,value%5B300%5D&set=key%5Bresolve.height%5D,value%5B10000%5D&set=key%5Bresolve.imageFit%5D,value%5Bcontainerwidth%5D&set=key%5Bresolve.allowImageUpscaling%5D,value%5B0%5D&set=key%5Bresolve.format%5D,value%5Bwebp%5D&source=url%5Bhttps://prodimage.images-bn.com/pimages/9781728274898_p0_v3_s600x595.jpg%5D&scale=options%5Blimit%5D,size%5B300x10000%5D&sink=format%5Bwebp%5D"
Lore Olympus: Volume Four (B&N Exclusive Edition),Rachel Smythe,5.0, Fantasy Comic Books & Graphic Novels,"This Barnes & Noble Exclusive Edition features original cover artwork on the hardcover by author and illustrator Rachel Smythe.Witness what the gods do after dark in the fourth volume of a stylish and contemporary reimagining of one of the best-known stories in Greek mythology, featuring a brand-new, exclusive short story from creator Rachel Smythe.",Random House Worlds,06/06/2023,9780593600078,B&N Exclusive Edition,"https://prodimage.images-bn.com/lf?set=key%5Bresolve.pixelRatio%5D,value%5B1%5D&set=key%5Bresolve.width%5D,value%5B600%5D&set=key%5Bresolve.height%5D,value%5B10000%5D&set=key%5Bresolve.imageFit%5D,value%5Bcontainerwidth%5D&set=key%5Bresolve.allowImageUpscaling%5D,value%5B0%5D&set=key%5Bresolve.format%5D,value%5Bwebp%5D&source=url%5Bhttps://prodimage.images-bn.com/pimages/9780593600078_p0_v1_s600x595.jpg%5D&scale=options%5Blimit%5D,size%5B600x10000%5D&sink=format%5Bwebp%5D"
Our Missing Hearts (Signed Book),Celeste Ng,4.7, 21st Century American Fiction,"An instant New York Times bestseller • A New York Times Notable Book of 2022 • Named a Best Book of 2022 by People, TIME Magazine, The Washington Post, USA Today, NPR, Los Angeles Times, and Oprah Daily, and more • A Reese's Book Club Pick From the #1 bestselling author of Little Fires Everywhere, comes the inspiring new novel about a mother’s unbreakable love in a world consumed by fear.",Penguin Publishing Group,10/04/2022,9780593653319,352,"https://prodimage.images-bn.com/lf?set=key%5Bresolve.pixelRatio%5D,value%5B1%5D&set=key%5Bresolve.width%5D,value%5B600%5D&set=key%5Bresolve.height%5D,value%5B10000%5D&set=key%5Bresolve.imageFit%5D,value%5Bcontainerwidth%5D&set=key%5Bresolve.allowImageUpscaling%5D,value%5B0%5D&set=key%5Bresolve.format%5D,value%5Bwebp%5D&source=url%5Bhttps://prodimage.images-bn.com/pimages/9780593653319_p0_v12_s600x595.jpg%5D&scale=options%5Blimit%5D,size%5B600x10000%5D&sink=format%5Bwebp%5D"
Chain of Thorns,Cassandra Clare,5.0, Adventure->Historical->Teen fiction,James and Cordelia must save London—and their marriage—in this thrilling and highly anticipated conclusion to the Last Hours series from the #1 New York Times and USA TODAY bestselling author Cassandra Clare. Chain of Thorns is a Shadowhunters novel.,Margaret K. McElderry Books,01/31/2023,9781481431934,800,NaN
Twisted Games (Twisted Series #2),Ana Huang,4.5, Contemporary Romance - General,NaN,Sourcebooks,09/27/2022,9781728274874,448,"https://prodimage.images-bn.com/lf?set=key%5Bresolve.pixelRatio%5D,value%5B1%5D&set=key%5Bresolve.width%5D,value%5B300%5D&set=key%5Bresolve.height%5D,value%5B10000%5D&set=key%5Bresolve.imageFit%5D,value%5Bcontainerwidth%5D&set=key%5Bresolve.allowImageUpscaling%5D,value%5B0%5D&set=key%5Bresolve.format%5D,value%5Bwebp%5D&source=url%5Bhttps://prodimage.images-bn.com/pimages/9781728274874_p0_v3_s600x595.jpg%5D&scale=options%5Blimit%5D,size%5B300x10000%5D&sink=format%5Bwebp%5D"
The Ballad of Never After,Stephanie Garber,4.6, Barnes & Noble's Best Teens & YA Books of 2022,"#1 NEW YORK TIMES BESTSELLER! Stephanie Garber’s THE BALLAD OF NEVER AFTER is the jaw-dropping sequel to the ONCE UPON A BROKEN HEART, starring Evangeline Fox and the Prince of Hearts on a new journey of magic, mystery, and heartbreak",Flatiron Books,09/13/2022,9781250268426,416,"https://prodimage.images-bn.com/lf?set=key%5Bresolve.pixelRatio%5D,value%5B1%5D&set=key%5Bresolve.width%5D,value%5B600%5D&set=key%5Bresolve.height%5D,value%5B10000%5D&set=key%5Bresolve.imageFit%5D,value%5Bcontainerwidth%5D&set=key%5Bresolve.allowImageUpscaling%5D,value%5B0%5D&set=key%5Bresolve.format%5D,value%5Bwebp%5D&source=url%5Bhttps://prodimage.images-bn.com/pimages/9781250268426_p0_v3_s600x595.jpg%5D&scale=options%5Blimit%5D,size%5B600x10000%5D&sink=format%5Bwebp%5D"
Twisted Love (Twisted Series #1),Ana Huang,4.6, Contemporary Romance - General,NaN,Sourcebooks,09/27/2022,9781728274867,352,"https://prodimage.images-bn.com/lf?set=key%5Bresolve.pixelRatio%5D,value%5B1%5D&set=key%5Bresolve.width%5D,value%5B600%5D&set=key%5Bresolve.height%5D,value%5B10000%5D&set=key%5Bresolve.imageFit%5D,value%5Bcontainerwidth%5D&set=key%5Bresolve.allowImageUpscaling%5D,value%5B0%5D&set=key%5Bresolve.format%5D,value%5Bwebp%5D&source=url%5Bhttps://prodimage.images-bn.com/pimages/9781728274867_p0_v4_s600x595.jpg%5D&scale=options%5Blimit%5D,size%5B600x10000%5D&sink=format%5Bwebp%5D"
A Curse for True Love (B&N Exclusive Edition),Stephanie Garber,5.0, Fantasy->Heroes and heroines->Teen fiction,This Barnes & Noble Exclusive Edition includes a unique cover and case stamp and will contain exclusive bonus content.,Flatiron Books,09/12/2023,9781250908452,B&N Exclusive Edition,"https://prodimage.images-bn.com/lf?set=key%5Bresolve.pixelRatio%5D,value%5B1%5D&set=key%5Bresolve.width%5D,value%5B600%5D&set=key%5Bresolve.height%5D,value%5B10000%5D&set=key%5Bresolve.imageFit%5D,value%5Bcontainerwidth%5D&set=key%5Bresolve.allowImageUpscaling%5D,value%5B0%5D&set=key%5Bresolve.format%5D,value%5Bwebp%5D&source=url%5Bhttps://prodimage.images-bn.com/pimages/9781250908452_p0_v2_s600x595.jpg%5D&scale=options%5Blimit%5D,size%5B600x10000%5D&sink=format%5Bwebp%5D"
Lessons in Chemistry (B&N Exclusive Edition) (B&N Book of the Year),Bonnie Garmus,4.5, 2022 Barnes & Noble Book of the Year,"This Barnes & Noble Exclusive Edition includes an extra chapter, designed endpapers, and an interview with Elizabeth Zott, the main character.Meet 2022's most incomparable protagonist! This blockbuster debut set in 1960s California features the singular voice of Elizabeth Zott, a scientist whose career takes a detour when she becomes the star of a beloved TV cooking show.“It's the world versus Elizabeth Zott, an extraordinary woman determined to live on her own terms, and I had no trouble choosing a side…A page-turning and highly satisfying tale: zippy, zesty, and Zotty.”—Maggie Shipstead, best-selling author of Great Circle",Knopf Doubleday Publishing Group,04/05/2022,9780385549400,400,"https://prodimage.images-bn.com/lf?set=key%5Bresolve.pixelRatio%5D,value%5B1%5D&set=key%5Bresolve.width%5D,value%5B600%5D&set=key%5Bresolve.height%5D,value%5B10000%5D&set=key%5Bresolve.imageFit%5D,value%5Bcontainerwidth%5D&set=key%5Bresolve.allowImageUpscaling%5D,value%5B0%5D&set=key%5Bresolve.format%5D,value%5Bwebp%5D&source=url%5Bhttps://prodimage.images-bn.com/pimages/9780385549400_p0_v12_s600x595.jpg%5D&scale=options%5Blimit%5D,size%5B600x10000%5D&sink=format%5Bwebp%5D"
A Court of Wings and Ruin (A Court of Thorns and Roses Series #3),Sarah J. Maas,4.9, Barnes & Noble's Best Teen Books of 2017,The epic third novel in the #1 New York Times bestselling Court of Thorns and Roses series by Sarah J. Maas.,Bloomsbury USA,06/02/2020,9781635575606,736,"https://prodimage.images-bn.com/lf?set=key%5Bresolve.pixelRatio%5D,value%5B1%5D&set=key%5Bresolve.width%5D,value%5B600%5D&set=key%5Bresolve.height%5D,value%5B10000%5D&set=key%5Bresolve.imageFit%5D,value%5Bcontainerwidth%5D&set=key%5Bresolve.allowImageUpscaling%5D,value%5B0%5D&set=key%5Bresolve.format%5D,value%5Bwebp%5D&source=url%5Bhttps://prodimage.images-bn.com/pimages/9781635575606_p0_v2_s600x595.jpg%5D&scale=options%5Blimit%5D,size%5B600x10000%5D&sink=format%5Bwebp%5D"
Sex Talks: The Five Conversations That Will Transform Your Love Life,,0.0, Sex - Guides & Manuals - General & Miscellaneous,The definitive guide to creating the sex life of your wildest dreams—just by talking about it!—from sexpert couple Vanessa and Xander Marin.,S&S/Simon Element,02/07/2023,9781668000014,23,"https://prodimage.images-bn.com/lf?set=key%5Bresolve.pixelRatio%5D,value%5B1%5D&set=key%5Bresolve.width%5D,value%5B600%5D&set=key%5Bresolve.height%5D,value%5B10000%5D&set=key%5Bresolve.imageFit%5D,value%5Bcontainerwidth%5D&set=key%5Bresolve.allowImageUpscaling%5D,value%5B0%5D&set=key%5Bresolve.format%5D,value%5Bwebp%5D&source=url%5Bhttps://prodimage.images-bn.com/pimages/9781668000014_p0_v2_s600x595.jpg%5D&scale=options%5Blimit%5D,size%5B600x10000%5D&sink=format%5Bwebp%5D"
A Court of Thorns and Roses (A Court of Thorns and Roses Series #1),Sarah J. Maas,4.7, 2016 Teen Choice Book Award Finalists,"The sexy, action-packed first book in the #1 New York Times bestselling Court of Thorns and Roses series from Sarah J. Maas.",Bloomsbury USA,06/02/2020,9781635575569,448,"https://prodimage.images-bn.com/lf?set=key%5Bresolve.pixelRatio%5D,value%5B1%5D&set=key%5Bresolve.width%5D,value%5B600%5D&set=key%5Bresolve.height%5D,value%5B10000%5D&set=key%5Bresolve.imageFit%5D,value%5Bcontainerwidth%5D&set=key%5Bresolve.allowImageUpscaling%5D,value%5B0%5D&set=key%5Bresolve.format%5D,value%5Bwebp%5D&source=url%5Bhttps://prodimage.images-bn.com/pimages/9781635575569_p0_v2_s600x595.jpg%5D&scale=options%5Blimit%5D,size%5B600x10000%5D&sink=format%5Bwebp%5D"
The Perfect Marriage,Jeneva Rose,4.7, Domestic Thrillers,"The bestselling thriller with “a tantalizing premise and twists at every turn . . . a sizzling, masterful debut about betrayal and justice” (Samantha M. Bailey, #1 national bestselling author).",Open Road Integrated Media LLC,07/13/2020,9781913419653,25,"https://prodimage.images-bn.com/lf?set=key%5Bresolve.pixelRatio%5D,value%5B1%5D&set=key%5Bresolve.width%5D,value%5B600%5D&set=key%5Bresolve.height%5D,value%5B10000%5D&set=key%5Bresolve.imageFit%5D,value%5Bcontainerwidth%5D&set=key%5Bresolve.allowImageUpscaling%5D,value%5B0%5D&set=key%5Bresolve.format%5D,value%5Bwebp%5D&source=url%5Bhttps://prodimage.images-bn.com/pimages/9781913419653_p0_v5_s600x595.jpg%5D&scale=options%5Blimit%5D,size%5B600x10000%5D&sink=format%5Bwebp%5D"
A Court of Mist and Fury (A Court of Thorns and Roses Series #2),Sarah J. Maas,4.9, 2017 Teen Choice Book Award Finalists,The seductive and stunning #1 New York Times bestselling sequel to Sarah J. Maas’s spellbinding A Court of Thorns and Roses.,Bloomsbury USA,06/02/2020,9781635575583,656,"https://prodimage.images-bn.com/lf?set=key%5Bresolve.pixelRatio%5D,value%5B1%5D&set=key%5Bresolve.width%5D,value%5B600%5D&set=key%5Bresolve.height%5D,value%5B10000%5D&set=key%5Bresolve.imageFit%5D,value%5Bcontainerwidth%5D&set=key%5Bresolve.allowImageUpscaling%5D,value%5B0%5D&set=key%5Bresolve.format%5D,value%5Bwebp%5D&source=url%5Bhttps://prodimage.images-bn.com/pimages/9781635575583_p0_v2_s600x595.jpg%5D&scale=options%5Blimit%5D,size%5B600x10000%5D&sink=format%5Bwebp%5D"
And There Was Light: Abraham Lincoln and the American Struggle,Jon  Meacham,4.1, 19th Century American History - Politics & Government - Presidents,"NEW YORK TIMES BESTSELLER • Pulitzer Prize–winning biographer Jon Meacham chronicles the life of Abraham Lincoln, charting how—and why—he confronted secession, threats to democracy, and the tragedy of slavery to expand the possibilities of America.",Random House Publishing Group,10/18/2022,9780553393965,27,"https://prodimage.images-bn.com/lf?set=key%5Bresolve.pixelRatio%5D,value%5B1%5D&set=key%5Bresolve.width%5D,value%5B600%5D&set=key%5Bresolve.height%5D,value%5B10000%5D&set=key%5Bresolve.imageFit%5D,value%5Bcontainerwidth%5D&set=key%5Bresolve.allowImageUpscaling%5D,value%5B0%5D&set=key%5Bresolve.format%5D,value%5Bwebp%5D&source=url%5Bhttps://prodimage.images-bn.com/pimages/9780553393965_p0_v3_s600x595.jpg%5D&scale=options%5Blimit%5D,size%5B600x10000%5D&sink=format%5Bwebp%5D"
The Silent Patient,Alex Michaelides,4.5, 2019 Barnes & Noble Book of the Year Finalists,**THE INSTANT #1 NEW YORK TIMES BESTSELLER**,Celadon Books,05/04/2021,9781250301703,28,"https://prodimage.images-bn.com/lf?set=key%5Bresolve.pixelRatio%5D,value%5B1%5D&set=key%5Bresolve.width%5D,value%5B600%5D&set=key%5Bresolve.height%5D,value%5B10000%5D&set=key%5Bresolve.imageFit%5D,value%5Bcontainerwidth%5D&set=key%5Bresolve.allowImageUpscaling%5D,value%5B0%5D&set=key%5Bresolve.format%5D,value%5Bwebp%5D&source=url%5Bhttps://prodimage.images-bn.com/pimages/9781250301703_p0_v5_s600x595.jpg%5D&scale=options%5Blimit%5D,size%5B600x10000%5D&sink=format%5Bwebp%5D"
Verity,Colleen Hoover,4.5, Domestic Thrillers,#1 New York Times,Grand Central Publishing,10/26/2021,9781538724736,29,"https://prodimage.images-bn.com/lf?set=key%5Bresolve.pixelRatio%5D,value%5B1%5D&set=key%5Bresolve.width%5D,value%5B600%5D&set=key%5Bresolve.height%5D,value%5B10000%5D&set=key%5Bresolve.imageFit%5D,value%5Bcontainerwidth%5D&set=key%5Bresolve.allowImageUpscaling%5D,value%5B0%5D&set=key%5Bresolve.format%5D,value%5Bwebp%5D&source=url%5Bhttps://prodimage.images-bn.com/pimages/9781538724736_p0_v4_s600x595.jpg%5D&scale=options%5Blimit%5D,size%5B600x10000%5D&sink=format%5Bwebp%5D"
Things We Never Got Over,Lucy Score,4.6, Small Town Contemporary Romance,NaN,Sourcebooks,01/12/2022,9781945631832,560,"https://prodimage.images-bn.com/lf?set=key%5Bresolve.pixelRatio%5D,value%5B1%5D&set=key%5Bresolve.width%5D,value%5B300%5D&set=key%5Bresolve.height%5D,value%5B10000%5D&set=key%5Bresolve.imageFit%5D,value%5Bcontainerwidth%5D&set=key%5Bresolve.allowImageUpscaling%5D,value%5B0%5D&set=key%5Bresolve.format%5D,value%5Bwebp%5D&source=url%5Bhttps://prodimage.images-bn.com/pimages/9781945631832_p0_v6_s600x595.jpg%5D&scale=options%5Blimit%5D,size%5B300x10000%5D&sink=format%5Bwebp%5D"
"Tomorrow, and Tomorrow, and Tomorrow",Gabrielle Zevin,4.6, 2022 Barnes & Noble Book of the Year Finalists,"NEW YORK TIMES BEST SELLER • WINNER OF THE GOODREADS CHOICE AWARD • Sam and Sadie—two college friends, often in love, but never lovers—become creative partners in a dazzling and intricately imagined world of video game design, where success brings them fame, joy, tragedy, duplicity, and, ultimately, a kind of immortality. It is a love story, but not one you have read before.",Knopf Doubleday Publishing Group,07/05/2022,9780593321201,31,"https://prodimage.images-bn.com/lf?set=key%5Bresolve.pixelRatio%5D,value%5B1%5D&set=key%5Bresolve.width%5D,value%5B600%5D&set=key%5Bresolve.height%5D,value%5B10000%5D&set=key%5Bresolve.imageFit%5D,value%5Bcontainerwidth%5D&set=key%5Bresolve.allowImageUpscaling%5D,value%5B0%5D&set=key%5Bresolve.format%5D,value%5Bwebp%5D&source=url%5Bhttps://prodimage.images-bn.com/pimages/9780593321201_p0_v7_s600x595.jpg%5D&scale=options%5Blimit%5D,size%5B600x10000%5D&sink=format%5Bwebp%5D"
Kingdom of Ash (Throne of Glass Series #7),Sarah J. Maas,4.9, Barnes & Noble's Best Young Adult Books of 2018,Together they will rise. Or together they will fall.,Bloomsbury USA,10/08/2019,9781619636125,Reprint,"https://prodimage.images-bn.com/lf?set=key%5Bresolve.pixelRatio%5D,value%5B1%5D&set=key%5Bresolve.width%5D,value%5B600%5D&set=key%5Bresolve.height%5D,value%5B10000%5D&set=key%5Bresolve.imageFit%5D,value%5Bcontainerwidth%5D&set=key%5Bresolve.allowImageUpscaling%5D,value%5B0%5D&set=key%5Bresolve.format%5D,value%5Bwebp%5D&source=url%5Bhttps://prodimage.images-bn.com/pimages/9781619636125_p0_v2_s600x595.jpg%5D&scale=options%5Blimit%5D,size%5B600x10000%5D&sink=format%5Bwebp%5D"
A Court of Frost and Starlight (A Court of Thorns and Roses Series),Sarah J. Maas,4.0, Epic Fantasy,"A tender addition to the #1 New York Times bestselling Court of Thorns and Roses series by Sarah J. Maas, bridging the events of A Court of Wings and Ruin and upcoming books.",Bloomsbury USA,06/02/2020,9781635575620,272,"https://prodimage.images-bn.com/lf?set=key%5Bresolve.pixelRatio%5D,value%5B1%5D&set=key%5Bresolve.width%5D,value%5B600%5D&set=key%5Bresolve.height%5D,value%5B10000%5D&set=key%5Bresolve.imageFit%5D,value%5Bcontainerwidth%5D&set=key%5Bresolve.allowImageUpscaling%5D,value%5B0%5D&set=key%5Bresolve.format%5D,value%5Bwebp%5D&source=url%5Bhttps://prodimage.images-bn.com/pimages/9781635575620_p0_v2_s600x595.jpg%5D&scale=options%5Blimit%5D,size%5B600x10000%5D&sink=format%5Bwebp%5D"
"Run, Rose, Run",,4.0, Crime Thrillers,From America’s most beloved superstar and #1 New York Times bestselling author James Patterson comes a thriller about a young singer-songwriter on the rise—and on the run—and determined to do whatever it takes to survive.,"Little, Brown and Company",03/07/2022,9780759554344,34,"https://prodimage.images-bn.com/lf?set=key%5Bresolve.pixelRatio%5D,value%5B1%5D&set=key%5Bresolve.width%5D,value%5B300%5D&set=key%5Bresolve.height%5D,value%5B10000%5D&set=key%5Bresolve.imageFit%5D,value%5Bcontainerwidth%5D&set=key%5Bresolve.allowImageUpscaling%5D,value%5B0%5D&set=key%5Bresolve.format%5D,value%5Bwebp%5D&source=url%5Bhttps://prodimage.images-bn.com/pimages/9780759554344_p0_v4_s600x595.jpg%5D&scale=options%5Blimit%5D,size%5B300x10000%5D&sink=format%5Bwebp%5D"
The Fine Print,Lauren Asher,4.2, Billionaires - Contemporary Romance,NaN,Sourcebooks,07/04/2021,9781737507710,448,"https://prodimage.images-bn.com/lf?set=key%5Bresolve.pixelRatio%5D,value%5B1%5D&set=key%5Bresolve.width%5D,value%5B300%5D&set=key%5Bresolve.height%5D,value%5B10000%5D&set=key%5Bresolve.imageFit%5D,value%5Bcontainerwidth%5D&set=key%5Bresolve.allowImageUpscaling%5D,value%5B0%5D&set=key%5Bresolve.format%5D,value%5Bwebp%5D&source=url%5Bhttps://prodimage.images-bn.com/pimages/9781737507710_p0_v5_s600x595.jpg%5D&scale=options%5Blimit%5D,size%5B300x10000%5D&sink=format%5Bwebp%5D"
The Twyford Code: A Novel,Janice Hallett,4.8, Crime Thrillers,The mysterious connection between a teacher’s disappearance and an unsolved code in a children’s book is explored in this fresh novel from the author of the “clever and often wryly funny” (PopSugar) novel The Appeal.,Atria Books,01/24/2023,9781668003220,36,"https://prodimage.images-bn.com/lf?set=key%5Bresolve.pixelRatio%5D,value%5B1%5D&set=key%5Bresolve.width%5D,value%5B600%5D&set=key%5Bresolve.height%5D,value%5B10000%5D&set=key%5Bresolve.imageFit%5D,value%5Bcontainerwidth%5D&set=key%5Bresolve.allowImageUpscaling%5D,value%5B0%5D&set=key%5Bresolve.format%5D,value%5Bwebp%5D&source=url%5Bhttps://prodimage.images-bn.com/pimages/9781668003220_p0_v3_s600x595.jpg%5D&scale=options%5Blimit%5D,size%5B600x10000%5D&sink=format%5Bwebp%5D"
The Way I Used to Be,Amber Smith,4.8, Emotional problems->Teen fiction,"A New York Times bestseller. In the tradition of Speak, this extraordinary debut novel “is a poignant book that realistically looks at the lasting effects of trauma on love, relationships, and life” (School Library Journal, starred review).",Margaret K. McElderry Books,03/07/2017,9781481449366,384,"https://prodimage.images-bn.com/lf?set=key%5Bresolve.pixelRatio%5D,value%5B1%5D&set=key%5Bresolve.width%5D,value%5B600%5D&set=key%5Bresolve.height%5D,value%5B10000%5D&set=key%5Bresolve.imageFit%5D,value%5Bcontainerwidth%5D&set=key%5Bresolve.allowImageUpscaling%5D,value%5B0%5D&set=key%5Bresolve.format%5D,value%5Bwebp%5D&source=url%5Bhttps://prodimage.images-bn.com/pimages/9781481449366_p0_v4_s600x595.jpg%5D&scale=options%5Blimit%5D,size%5B600x10000%5D&sink=format%5Bwebp%5D"
The Last to Vanish,Megan Miranda,4.3, Psychological Suspense,INSTANT NEW YORK TIMES BESTSELLER,S&S/ Marysue Rucci Books,07/26/2022,9781982147310,39,"https://prodimage.images-bn.com/lf?set=key%5Bresolve.pixelRatio%5D,value%5B1%5D&set=key%5Bresolve.width%5D,value%5B600%5D&set=key%5Bresolve.height%5D,value%5B10000%5D&set=key%5Bresolve.imageFit%5D,value%5Bcontainerwidth%5D&set=key%5Bresolve.allowImageUpscaling%5D,value%5B0%5D&set=key%5Bresolve.format%5D,value%5Bwebp%5D&source=url%5Bhttps://prodimage.images-bn.com/pimages/9781982147310_p0_v4_s600x595.jpg%5D&scale=options%5Blimit%5D,size%5B600x10000%5D&sink=format%5Bwebp%5D"
Nothing More to Tell,Karen M. McManus,4.6, Thrillers->Teen fiction,NEW YORK TIMES BESTSELLER • From the critically acclaimed author of One of Us Is Lying comes a new page-turning mystery. Be sure to keep your friends close . . . and your secrets closer.,Random House Children's Books,08/30/2022,9780593175903,40,"https://prodimage.images-bn.com/lf?set=key%5Bresolve.pixelRatio%5D,value%5B1%5D&set=key%5Bresolve.width%5D,value%5B600%5D&set=key%5Bresolve.height%5D,value%5B10000%5D&set=key%5Bresolve.imageFit%5D,value%5Bcontainerwidth%5D&set=key%5Bresolve.allowImageUpscaling%5D,value%5B0%5D&set=key%5Bresolve.format%5D,value%5Bwebp%5D&source=url%5Bhttps://prodimage.images-bn.com/pimages/9780593175903_p0_v1_s600x595.jpg%5D&scale=options%5Blimit%5D,size%5B600x10000%5D&sink=format%5Bwebp%5D"
The Song of the Cell: An Exploration of Medicine and the New Human,Siddhartha Mukherjee,5.0, Barnes & Noble's 10 Best Books of 2022,"Named a New York Times Notable Book of 2022 and a Best Book of the Year by Oprah Daily, BookPage, Book Riot, the New York Public Library, and more!",Scribner,10/25/2022,9781982117351,41,"https://prodimage.images-bn.com/lf?set=key%5Bresolve.pixelRatio%5D,value%5B1%5D&set=key%5Bresolve.width%5D,value%5B600%5D&set=key%5Bresolve.height%5D,value%5B10000%5D&set=key%5Bresolve.imageFit%5D,value%5Bcontainerwidth%5D&set=key%5Bresolve.allowImageUpscaling%5D,value%5B0%5D&set=key%5Bresolve.format%5D,value%5Bwebp%5D&source=url%5Bhttps://prodimage.images-bn.com/pimages/9781982117351_p0_v4_s600x595.jpg%5D&scale=options%5Blimit%5D,size%5B600x10000%5D&sink=format%5Bwebp%5D"
Terms and Conditions,Lauren Asher,4.8, Billionaires - Contemporary Romance,NaN,Sourcebooks,02/24/2022,9781737507734,480,"https://prodimage.images-bn.com/lf?set=key%5Bresolve.pixelRatio%5D,value%5B1%5D&set=key%5Bresolve.width%5D,value%5B300%5D&set=key%5Bresolve.height%5D,value%5B10000%5D&set=key%5Bresolve.imageFit%5D,value%5Bcontainerwidth%5D&set=key%5Bresolve.allowImageUpscaling%5D,value%5B0%5D&set=key%5Bresolve.format%5D,value%5Bwebp%5D&source=url%5Bhttps://prodimage.images-bn.com/pimages/9781737507734_p0_v4_s600x595.jpg%5D&scale=options%5Blimit%5D,size%5B300x10000%5D&sink=format%5Bwebp%5D"
The Seven Husbands of Evelyn Hugo: A Novel,Taylor Jenkins Reid,4.6, Actors and Actresses - Fiction,NEW YORK TIMES,Washington Square Press,05/29/2018,9781501161933,400,"https://prodimage.images-bn.com/lf?set=key%5Bresolve.pixelRatio%5D,value%5B1%5D&set=key%5Bresolve.width%5D,value%5B300%5D&set=key%5Bresolve.height%5D,value%5B10000%5D&set=key%5Bresolve.imageFit%5D,value%5Bcontainerwidth%5D&set=key%5Bresolve.allowImageUpscaling%5D,value%5B0%5D&set=key%5Bresolve.format%5D,value%5Bwebp%5D&source=url%5Bhttps://prodimage.images-bn.com/pimages/9781501161933_p0_v13_s600x595.jpg%5D&scale=options%5Blimit%5D,size%5B300x10000%5D&sink=format%5Bwebp%5D"
A Court of Silver Flames (A Court of Thorns and Roses Series #4),Sarah J. Maas,4.5, Epic Fantasy,"Sarah J. Maas's sexy, richly imagined series continues with the journey of Feyre's fiery sister, Nesta. ",Bloomsbury USA,09/06/2022,9781635577990,784,"https://prodimage.images-bn.com/lf?set=key%5Bresolve.pixelRatio%5D,value%5B1%5D&set=key%5Bresolve.width%5D,value%5B600%5D&set=key%5Bresolve.height%5D,value%5B10000%5D&set=key%5Bresolve.imageFit%5D,value%5Bcontainerwidth%5D&set=key%5Bresolve.allowImageUpscaling%5D,value%5B0%5D&set=key%5Bresolve.format%5D,value%5Bwebp%5D&source=url%5Bhttps://prodimage.images-bn.com/pimages/9781635577990_p0_v1_s600x595.jpg%5D&scale=options%5Blimit%5D,size%5B600x10000%5D&sink=format%5Bwebp%5D"
The Appeal: A Novel,Janice Hallett,4.1, Crime Thrillers,INTERNATIONAL BESTSELLER,Atria Books,11/01/2022,9781982187460,45,"https://prodimage.images-bn.com/lf?set=key%5Bresolve.pixelRatio%5D,value%5B1%5D&set=key%5Bresolve.width%5D,value%5B300%5D&set=key%5Bresolve.height%5D,value%5B10000%5D&set=key%5Bresolve.imageFit%5D,value%5Bcontainerwidth%5D&set=key%5Bresolve.allowImageUpscaling%5D,value%5B0%5D&set=key%5Bresolve.format%5D,value%5Bwebp%5D&source=url%5Bhttps://prodimage.images-bn.com/pimages/9781982187460_p0_v4_s600x595.jpg%5D&scale=options%5Blimit%5D,size%5B300x10000%5D&sink=format%5Bwebp%5D"
Tower of Dawn (Throne of Glass Series #6),Sarah J. Maas,4.8, Barnes & Noble's Best Teen Books of 2017,"In the next installment of the New York Times bestselling Throne of Glass series, follow Chaol on his sweeping journey to a distant empire.",Bloomsbury USA,10/23/2018,9781681199221,Reprint,"https://prodimage.images-bn.com/lf?set=key%5Bresolve.pixelRatio%5D,value%5B1%5D&set=key%5Bresolve.width%5D,value%5B600%5D&set=key%5Bresolve.height%5D,value%5B10000%5D&set=key%5Bresolve.imageFit%5D,value%5Bcontainerwidth%5D&set=key%5Bresolve.allowImageUpscaling%5D,value%5B0%5D&set=key%5Bresolve.format%5D,value%5Bwebp%5D&source=url%5Bhttps://prodimage.images-bn.com/pimages/9781681199221_p0_v2_s600x595.jpg%5D&scale=options%5Blimit%5D,size%5B600x10000%5D&sink=format%5Bwebp%5D"
"The Nazi Conspiracy: The Secret Plot to Kill Roosevelt, Stalin, and Churchill",,4.7, Espionage & Military Intelligence - World War II,INSTANT NEW YORK TIMES BESTSELLER,Flatiron Books,01/10/2023,9781250777263,47,"https://prodimage.images-bn.com/lf?set=key%5Bresolve.pixelRatio%5D,value%5B1%5D&set=key%5Bresolve.width%5D,value%5B600%5D&set=key%5Bresolve.height%5D,value%5B10000%5D&set=key%5Bresolve.imageFit%5D,value%5Bcontainerwidth%5D&set=key%5Bresolve.allowImageUpscaling%5D,value%5B0%5D&set=key%5Bresolve.format%5D,value%5Bwebp%5D&source=url%5Bhttps://prodimage.images-bn.com/pimages/9781250777263_p0_v3_s600x595.jpg%5D&scale=options%5Blimit%5D,size%5B600x10000%5D&sink=format%5Bwebp%5D"
"Love, Pamela (Signed Book)",Pamela Anderson,0.0, Actors & Actresses - Biography,NaN,HarperCollins Publishers,01/31/2023,9780063317420,256,"https://prodimage.images-bn.com/lf?set=key%5Bresolve.pixelRatio%5D,value%5B1%5D&set=key%5Bresolve.width%5D,value%5B600%5D&set=key%5Bresolve.height%5D,value%5B10000%5D&set=key%5Bresolve.imageFit%5D,value%5Bcontainerwidth%5D&set=key%5Bresolve.allowImageUpscaling%5D,value%5B0%5D&set=key%5Bresolve.format%5D,value%5Bwebp%5D&source=url%5Bhttps://prodimage.images-bn.com/pimages/9780063317420_p0_v2_s600x595.jpg%5D&scale=options%5Blimit%5D,size%5B600x10000%5D&sink=format%5Bwebp%5D"
Daisy Jones & The Six,Taylor Jenkins Reid,4.6, 20th Century Historical Fiction - General & Miscellaneous,"NEW YORK TIMES BESTSELLER • OVER ONE MILLION COPIES SOLD! A gripping novel about the whirlwind rise of an iconic 1970s rock group and their beautiful lead singer, revealing the mystery behind their infamous breakup—from the author of The Seven Husbands of Evelyn Hugo, Malibu Rising, and Carrie Soto Is BackREESE’S BOOK CLUB PICK • COMING SOON AS AN ORIGINAL STREAMING SERIES EXECUTIVE PRODUCED BY REESE WITHERSPOON   “An explosive, dynamite, down-and-dirty look at a fictional rock band told in an interview style that gives it irresistible surface energy.”—Elin HilderbrandONE OF THE BEST BOOKS OF THE YEAR: NPR, The Washington Post, Esquire, Glamour, Real Simple, Good Housekeeping, Marie Claire, Parade, Paste, Shelf Awareness, BookRiot",Random House Publishing Group,02/04/2020,9781524798642,400,"https://prodimage.images-bn.com/lf?set=key%5Bresolve.pixelRatio%5D,value%5B1%5D&set=key%5Bresolve.width%5D,value%5B300%5D&set=key%5Bresolve.height%5D,value%5B10000%5D&set=key%5Bresolve.imageFit%5D,value%5Bcontainerwidth%5D&set=key%5Bresolve.allowImageUpscaling%5D,value%5B0%5D&set=key%5Bresolve.format%5D,value%5Bwebp%5D&source=url%5Bhttps://prodimage.images-bn.com/pimages/9781524798642_p0_v4_s600x595.jpg%5D&scale=options%5Blimit%5D,size%5B300x10000%5D&sink=format%5Bwebp%5D"
Chain of Gold (Barnes & Noble Deluxe Exclusive) (Last Hours Series #1),Cassandra Clare,4.6, Adventure->Historical->Teen fiction,"A beautifully designed Barnes & Noble collector's edition of the #1 New York Times bestselling Chain of Gold by Cassandra Clare. This deluxe edition features a redesigned cover with foil stamping, gilded edges, colored endpapers, and a satin ribbon.",Margaret K. McElderry Books,11/08/2022,9781665933643,B&N Exclusive Edition,"https://prodimage.images-bn.com/lf?set=key%5Bresolve.pixelRatio%5D,value%5B1%5D&set=key%5Bresolve.width%5D,value%5B600%5D&set=key%5Bresolve.height%5D,value%5B10000%5D&set=key%5Bresolve.imageFit%5D,value%5Bcontainerwidth%5D&set=key%5Bresolve.allowImageUpscaling%5D,value%5B0%5D&set=key%5Bresolve.format%5D,value%5Bwebp%5D&source=url%5Bhttps://prodimage.images-bn.com/pimages/9781665933643_p0_v3_s600x595.jpg%5D&scale=options%5Blimit%5D,size%5B600x10000%5D&sink=format%5Bwebp%5D"
Cooking with the Grinch (Dr. Seuss),,0.0, Christmas - Kids Fiction,Grow your heart three sizes and get in on all of the Grinch-mas cheer with this festive Step Into Reading Step 1 story perfect for beginning readers and bakers during the holidays or any time of year!,Random House Children's Books,09/05/2017,9781524714628,32,"https://prodimage.images-bn.com/lf?set=key%5Bresolve.pixelRatio%5D,value%5B1%5D&set=key%5Bresolve.width%5D,value%5B600%5D&set=key%5Bresolve.height%5D,value%5B10000%5D&set=key%5Bresolve.imageFit%5D,value%5Bcontainerwidth%5D&set=key%5Bresolve.allowImageUpscaling%5D,value%5B0%5D&set=key%5Bresolve.format%5D,value%5Bwebp%5D&source=url%5Bhttps://prodimage.images-bn.com/pimages/9781524714628_p0_v1_s600x595.jpg%5D&scale=options%5Blimit%5D,size%5B600x10000%5D&sink=format%5Bwebp%5D"
The It Girl (B&N Exclusive Edition),Ruth Ware,4.0, Crime Thrillers,"This Barnes & Noble exclusive edition includes a bonus chapter of an episode of the podcast, also called THE IT GIRL.",Gallery/Scout Press,07/12/2022,9781668009246,432,"https://prodimage.images-bn.com/lf?set=key%5Bresolve.pixelRatio%5D,value%5B1%5D&set=key%5Bresolve.width%5D,value%5B600%5D&set=key%5Bresolve.height%5D,value%5B10000%5D&set=key%5Bresolve.imageFit%5D,value%5Bcontainerwidth%5D&set=key%5Bresolve.allowImageUpscaling%5D,value%5B0%5D&set=key%5Bresolve.format%5D,value%5Bwebp%5D&source=url%5Bhttps://prodimage.images-bn.com/pimages/9781668009246_p0_v1_s600x595.jpg%5D&scale=options%5Blimit%5D,size%5B600x10000%5D&sink=format%5Bwebp%5D"
The Stolen Heir: A Novel of Elfhame (B&N Exclusive Edition),Holly Black,4.8, Dark fantasy->Teen fiction,"This Barnes & Noble Exclusive Edition features an alternate jacket and contains the author's personal journal pages and notes on the manuscript, giving readers a peek into the writing process.","Little, Brown Books for Young Readers",01/03/2023,9780316519045,B&N Exclusive Edition,"https://prodimage.images-bn.com/lf?set=key%5Bresolve.pixelRatio%5D,value%5B1%5D&set=key%5Bresolve.width%5D,value%5B600%5D&set=key%5Bresolve.height%5D,value%5B10000%5D&set=key%5Bresolve.imageFit%5D,value%5Bcontainerwidth%5D&set=key%5Bresolve.allowImageUpscaling%5D,value%5B0%5D&set=key%5Bresolve.format%5D,value%5Bwebp%5D&source=url%5Bhttps://prodimage.images-bn.com/pimages/9780316519045_p0_v1_s600x595.jpg%5D&scale=options%5Blimit%5D,size%5B600x10000%5D&sink=format%5Bwebp%5D"
"Girl, Forgotten (B&N Exclusive Edition)",Karin Slaughter,4.8, Barnes & Noble's Best Mysteries of 2022,"In this Barnes & Noble Exclusive Edition, Karin Slaughter jumps into the making of PIECES OF HER for Netflix:  the ups, the downs, her “star turn” plus the most fantastic cupcake of all time!",HarperCollins Publishers,08/23/2022,9780063286948,400,"https://prodimage.images-bn.com/lf?set=key%5Bresolve.pixelRatio%5D,value%5B1%5D&set=key%5Bresolve.width%5D,value%5B600%5D&set=key%5Bresolve.height%5D,value%5B10000%5D&set=key%5Bresolve.imageFit%5D,value%5Bcontainerwidth%5D&set=key%5Bresolve.allowImageUpscaling%5D,value%5B0%5D&set=key%5Bresolve.format%5D,value%5Bwebp%5D&source=url%5Bhttps://prodimage.images-bn.com/pimages/9780063286948_p0_v2_s600x595.jpg%5D&scale=options%5Blimit%5D,size%5B600x10000%5D&sink=format%5Bwebp%5D"
Encore in Death: An Eve Dallas Novel (In Death Series #56),J. D. Robb,0.0, Big City Cops - Fiction,The homicide cop with a passion for justice returns in the captivating crime thriller series by the #1 New York Times bestselling author.,St. Martin's Publishing Group,02/07/2023,9781250284082,384,"https://prodimage.images-bn.com/lf?set=key%5Bresolve.pixelRatio%5D,value%5B1%5D&set=key%5Bresolve.width%5D,value%5B600%5D&set=key%5Bresolve.height%5D,value%5B10000%5D&set=key%5Bresolve.imageFit%5D,value%5Bcontainerwidth%5D&set=key%5Bresolve.allowImageUpscaling%5D,value%5B0%5D&set=key%5Bresolve.format%5D,value%5Bwebp%5D&source=url%5Bhttps://prodimage.images-bn.com/pimages/9781250284082_p0_v3_s600x595.jpg%5D&scale=options%5Blimit%5D,size%5B600x10000%5D&sink=format%5Bwebp%5D"
How to Sell a Haunted House (B&N Exclusive Edition),Grady Hendrix,3.7, Psychological Horror,"This special Barnes & Noble Edition features exclusive new material from author Grady Hendrix, including an introduction to the book discussing why he wrote it and what haunts him, and an essay on the uncanny nature and history of puppets and dolls.New York Times bestselling author Grady Hendrix takes on the haunted house in a thrilling new novel that explores the way your past—and your family—can haunt you like nothing else.",Penguin Publishing Group,01/17/2023,9780593549100,400,"https://prodimage.images-bn.com/lf?set=key%5Bresolve.pixelRatio%5D,value%5B1%5D&set=key%5Bresolve.width%5D,value%5B600%5D&set=key%5Bresolve.height%5D,value%5B10000%5D&set=key%5Bresolve.imageFit%5D,value%5Bcontainerwidth%5D&set=key%5Bresolve.allowImageUpscaling%5D,value%5B0%5D&set=key%5Bresolve.format%5D,value%5Bwebp%5D&source=url%5Bhttps://prodimage.images-bn.com/pimages/9780593549100_p0_v1_s600x595.jpg%5D&scale=options%5Blimit%5D,size%5B600x10000%5D&sink=format%5Bwebp%5D"
Never Give an Inch: Fighting for the America I Love,Mike Pompeo,0.0, General & Miscellaneous U.S. Political Biography,NaN,HarperCollins Publishers,01/24/2023,9780063247444,57,"https://prodimage.images-bn.com/lf?set=key%5Bresolve.pixelRatio%5D,value%5B1%5D&set=key%5Bresolve.width%5D,value%5B600%5D&set=key%5Bresolve.height%5D,value%5B10000%5D&set=key%5Bresolve.imageFit%5D,value%5Bcontainerwidth%5D&set=key%5Bresolve.allowImageUpscaling%5D,value%5B0%5D&set=key%5Bresolve.format%5D,value%5Bwebp%5D&source=url%5Bhttps://prodimage.images-bn.com/pimages/9780063247444_p0_v2_s600x595.jpg%5D&scale=options%5Blimit%5D,size%5B600x10000%5D&sink=format%5Bwebp%5D"
Other Birds,Sarah Addison Allen,4.6, Barnes & Noble Book Club Selections 2022,The New York Times Bestseller,St. Martin's Publishing Group,08/30/2022,9781250019868,58,"https://prodimage.images-bn.com/lf?set=key%5Bresolve.pixelRatio%5D,value%5B1%5D&set=key%5Bresolve.width%5D,value%5B600%5D&set=key%5Bresolve.height%5D,value%5B10000%5D&set=key%5Bresolve.imageFit%5D,value%5Bcontainerwidth%5D&set=key%5Bresolve.allowImageUpscaling%5D,value%5B0%5D&set=key%5Bresolve.format%5D,value%5Bwebp%5D&source=url%5Bhttps://prodimage.images-bn.com/pimages/9781250019868_p0_v3_s600x595.jpg%5D&scale=options%5Blimit%5D,size%5B600x10000%5D&sink=format%5Bwebp%5D"
The House of Wolves,,4.3, Crime Thrillers,Instant New York Times Bestseller! ,"Little, Brown and Company",01/09/2023,9780316404297,59,"https://prodimage.images-bn.com/lf?set=key%5Bresolve.pixelRatio%5D,value%5B1%5D&set=key%5Bresolve.width%5D,value%5B300%5D&set=key%5Bresolve.height%5D,value%5B10000%5D&set=key%5Bresolve.imageFit%5D,value%5Bcontainerwidth%5D&set=key%5Bresolve.allowImageUpscaling%5D,value%5B0%5D&set=key%5Bresolve.format%5D,value%5Bwebp%5D&source=url%5Bhttps://prodimage.images-bn.com/pimages/9780316404297_p0_v2_s600x595.jpg%5D&scale=options%5Blimit%5D,size%5B300x10000%5D&sink=format%5Bwebp%5D"
The 48 Laws of Power,,4.1, Characteristics & Qualities - Self-Improvement,"Amoral, cunning, ruthless, and instructive, this multi-million-copy New York Times bestseller is the definitive manual for anyone interested in gaining, observing, or defending against ultimate control – from the author of The Laws of Human Nature. ",Penguin Publishing Group,09/01/2000,9780140280197,60,"https://prodimage.images-bn.com/lf?set=key%5Bresolve.pixelRatio%5D,value%5B1%5D&set=key%5Bresolve.width%5D,value%5B600%5D&set=key%5Bresolve.height%5D,value%5B10000%5D&set=key%5Bresolve.imageFit%5D,value%5Bcontainerwidth%5D&set=key%5Bresolve.allowImageUpscaling%5D,value%5B0%5D&set=key%5Bresolve.format%5D,value%5Bwebp%5D&source=url%5Bhttps://prodimage.images-bn.com/pimages/9780140280197_p0_v3_s600x595.jpg%5D&scale=options%5Blimit%5D,size%5B600x10000%5D&sink=format%5Bwebp%5D"
Gallant,V. E. Schwab,4.4, Barnes & Noble's Best Teens & YA Books of 2022,NaN,HarperCollins Publishers,03/01/2022,9780062835772,61,"https://prodimage.images-bn.com/lf?set=key%5Bresolve.pixelRatio%5D,value%5B1%5D&set=key%5Bresolve.width%5D,value%5B600%5D&set=key%5Bresolve.height%5D,value%5B10000%5D&set=key%5Bresolve.imageFit%5D,value%5Bcontainerwidth%5D&set=key%5Bresolve.allowImageUpscaling%5D,value%5B0%5D&set=key%5Bresolve.format%5D,value%5Bwebp%5D&source=url%5Bhttps://prodimage.images-bn.com/pimages/9780062835772_p0_v4_s600x595.jpg%5D&scale=options%5Blimit%5D,size%5B600x10000%5D&sink=format%5Bwebp%5D"
Kingdom of the Feared (B&N Exclusive Edition) (Kingdom of the Wicked Series #3),Kerri Maniscalco,4.8, Barnes & Noble's Best Teens & YA Books of 2022,This Barnes & Noble Exclusive Edition contains a spicy bonus chapter from Envy’s POV and features a unique cover!From the #1 New York Times bestselling author of the Stalking Jack the Ripper series comes the steamy conclusion to Kingdom of the Wicked trilogy.,"Little, Brown Books for Young Readers",09/27/2022,9780316479882,B&N Exclusive Edition,"https://prodimage.images-bn.com/lf?set=key%5Bresolve.pixelRatio%5D,value%5B1%5D&set=key%5Bresolve.width%5D,value%5B600%5D&set=key%5Bresolve.height%5D,value%5B10000%5D&set=key%5Bresolve.imageFit%5D,value%5Bcontainerwidth%5D&set=key%5Bresolve.allowImageUpscaling%5D,value%5B0%5D&set=key%5Bresolve.format%5D,value%5Bwebp%5D&source=url%5Bhttps://prodimage.images-bn.com/pimages/9780316479882_p0_v2_s600x595.jpg%5D&scale=options%5Blimit%5D,size%5B600x10000%5D&sink=format%5Bwebp%5D"
Becoming Free Indeed: My Story of Disentangling Faith from Fear,Jinger Vuolo,5.0, General & Miscellaneous Christian Biography,NaN,"Nelson, Thomas, Inc.",01/31/2023,9781400335817,63,"https://prodimage.images-bn.com/lf?set=key%5Bresolve.pixelRatio%5D,value%5B1%5D&set=key%5Bresolve.width%5D,value%5B600%5D&set=key%5Bresolve.height%5D,value%5B10000%5D&set=key%5Bresolve.imageFit%5D,value%5Bcontainerwidth%5D&set=key%5Bresolve.allowImageUpscaling%5D,value%5B0%5D&set=key%5Bresolve.format%5D,value%5Bwebp%5D&source=url%5Bhttps://prodimage.images-bn.com/pimages/9781400335817_p0_v2_s600x595.jpg%5D&scale=options%5Blimit%5D,size%5B600x10000%5D&sink=format%5Bwebp%5D"
The Four Winds,Kristin Hannah,4.3, 20th Century Historical Fiction - General & Miscellaneous,"""The Bestselling Hardcover Novel of the Year.""—Publishers Weekly",St. Martin's Publishing Group,02/02/2021,9781250178602,64,"https://prodimage.images-bn.com/lf?set=key%5Bresolve.pixelRatio%5D,value%5B1%5D&set=key%5Bresolve.width%5D,value%5B600%5D&set=key%5Bresolve.height%5D,value%5B10000%5D&set=key%5Bresolve.imageFit%5D,value%5Bcontainerwidth%5D&set=key%5Bresolve.allowImageUpscaling%5D,value%5B0%5D&set=key%5Bresolve.format%5D,value%5Bwebp%5D&source=url%5Bhttps://prodimage.images-bn.com/pimages/9781250178602_p0_v9_s600x595.jpg%5D&scale=options%5Blimit%5D,size%5B600x10000%5D&sink=format%5Bwebp%5D"
Freewater,Amina Luqman-Dawson,5.0, 2023 Coretta Scott King Award Winners,"Winner of the 2023 Newbery MedalDebut author Amina Luqman-Dawson pens a lyrical, accessible historical middle-grade novel about two enslaved children’s escape from a plantation and the many ways they find freedom.","Little, Brown Books for Young Readers",02/01/2022,9780316056618,65,"https://prodimage.images-bn.com/lf?set=key%5Bresolve.pixelRatio%5D,value%5B1%5D&set=key%5Bresolve.width%5D,value%5B600%5D&set=key%5Bresolve.height%5D,value%5B10000%5D&set=key%5Bresolve.imageFit%5D,value%5Bcontainerwidth%5D&set=key%5Bresolve.allowImageUpscaling%5D,value%5B0%5D&set=key%5Bresolve.format%5D,value%5Bwebp%5D&source=url%5Bhttps://prodimage.images-bn.com/pimages/9780316056618_p0_v8_s600x595.jpg%5D&scale=options%5Blimit%5D,size%5B600x10000%5D&sink=format%5Bwebp%5D"
The Inheritance Games (Inheritance Games Series #1),Jennifer Lynn Barnes,4.7, Barnes & Noble YA Book Club Selections 2020,"1.5 MILLION COPIES SOLD OF THE #1 BESTSELLING SERIES! Don't miss this New York Times bestselling ""impossible to put down"" (Buzzfeed) novel with deadly stakes, thrilling twists, and juicy secrets — perfect for fans of One of Us is Lying and Knives Out.","Little, Brown Books for Young Readers",07/27/2021,9780759555402,400,"https://prodimage.images-bn.com/lf?set=key%5Bresolve.pixelRatio%5D,value%5B1%5D&set=key%5Bresolve.width%5D,value%5B600%5D&set=key%5Bresolve.height%5D,value%5B10000%5D&set=key%5Bresolve.imageFit%5D,value%5Bcontainerwidth%5D&set=key%5Bresolve.allowImageUpscaling%5D,value%5B0%5D&set=key%5Bresolve.format%5D,value%5Bwebp%5D&source=url%5Bhttps://prodimage.images-bn.com/pimages/9780759555402_p0_v2_s600x595.jpg%5D&scale=options%5Blimit%5D,size%5B600x10000%5D&sink=format%5Bwebp%5D"
The Night Ship (Barnes & Noble Book Club Edition),Jess Kidd,3.7, 21st Century - Irish Fiction,This Barnes & Noble Book Club Edition has sprayed edges,Atria Books,10/04/2022,9781668015179,400,"https://prodimage.images-bn.com/lf?set=key%5Bresolve.pixelRatio%5D,value%5B1%5D&set=key%5Bresolve.width%5D,value%5B600%5D&set=key%5Bresolve.height%5D,value%5B10000%5D&set=key%5Bresolve.imageFit%5D,value%5Bcontainerwidth%5D&set=key%5Bresolve.allowImageUpscaling%5D,value%5B0%5D&set=key%5Bresolve.format%5D,value%5Bwebp%5D&source=url%5Bhttps://prodimage.images-bn.com/pimages/9781668015179_p0_v5_s600x595.jpg%5D&scale=options%5Blimit%5D,size%5B600x10000%5D&sink=format%5Bwebp%5D"
Twenty Thousand Fleas Under the Sea (B&N Exclusive Edition) (Dog Man Series #11),Dav Pilkey,0.0, Comic Books & Graphic Novels - Kids Fiction,NaN,"Scholastic, Inc.",03/28/2023,9781338895957,B&N Exclusive Edition,"https://prodimage.images-bn.com/lf?set=key%5Bresolve.pixelRatio%5D,value%5B1%5D&set=key%5Bresolve.width%5D,value%5B600%5D&set=key%5Bresolve.height%5D,value%5B10000%5D&set=key%5Bresolve.imageFit%5D,value%5Bcontainerwidth%5D&set=key%5Bresolve.allowImageUpscaling%5D,value%5B0%5D&set=key%5Bresolve.format%5D,value%5Bwebp%5D&source=url%5Bhttps://prodimage.images-bn.com/pimages/9781338895957_p0_v4_s600x595.jpg%5D&scale=options%5Blimit%5D,size%5B600x10000%5D&sink=format%5Bwebp%5D"
Empire of Storms (Throne of Glass Series #5),Sarah J. Maas,4.9, Fantasy->Quest->Teen fiction,Kingdoms collide in Sarah J. Maas's epic fifth installment in the New York Times bestselling Throne of Glass series.,Bloomsbury USA,09/06/2016,9781619636071,704,"https://prodimage.images-bn.com/lf?set=key%5Bresolve.pixelRatio%5D,value%5B1%5D&set=key%5Bresolve.width%5D,value%5B600%5D&set=key%5Bresolve.height%5D,value%5B10000%5D&set=key%5Bresolve.imageFit%5D,value%5Bcontainerwidth%5D&set=key%5Bresolve.allowImageUpscaling%5D,value%5B0%5D&set=key%5Bresolve.format%5D,value%5Bwebp%5D&source=url%5Bhttps://prodimage.images-bn.com/pimages/9781619636071_p0_v6_s600x595.jpg%5D&scale=options%5Blimit%5D,size%5B600x10000%5D&sink=format%5Bwebp%5D"
The Matchmaker's Gift: A Novel,Lynda Cohen Loigman,4.7, Family Secrets - Fiction,Named a Best Book of Fall by Parade • BuzzFeed ,St. Martin's Publishing Group,09/20/2022,9781250278098,70,"https://prodimage.images-bn.com/lf?set=key%5Bresolve.pixelRatio%5D,value%5B1%5D&set=key%5Bresolve.width%5D,value%5B600%5D&set=key%5Bresolve.height%5D,value%5B10000%5D&set=key%5Bresolve.imageFit%5D,value%5Bcontainerwidth%5D&set=key%5Bresolve.allowImageUpscaling%5D,value%5B0%5D&set=key%5Bresolve.format%5D,value%5Bwebp%5D&source=url%5Bhttps://prodimage.images-bn.com/pimages/9781250278098_p0_v1_s600x595.jpg%5D&scale=options%5Blimit%5D,size%5B600x10000%5D&sink=format%5Bwebp%5D"
I'm Glad My Mom Died,Jennette McCurdy,4.5, Actors & Actresses - Biography,#1 NEW YORK TIMES BESTSELLER,Simon & Schuster,08/09/2022,9781982185824,71,"https://prodimage.images-bn.com/lf?set=key%5Bresolve.pixelRatio%5D,value%5B1%5D&set=key%5Bresolve.width%5D,value%5B600%5D&set=key%5Bresolve.height%5D,value%5B10000%5D&set=key%5Bresolve.imageFit%5D,value%5Bcontainerwidth%5D&set=key%5Bresolve.allowImageUpscaling%5D,value%5B0%5D&set=key%5Bresolve.format%5D,value%5Bwebp%5D&source=url%5Bhttps://prodimage.images-bn.com/pimages/9781982185824_p0_v5_s600x595.jpg%5D&scale=options%5Blimit%5D,size%5B600x10000%5D&sink=format%5Bwebp%5D"
Love and Other Words,Christina Lauren,4.8, Contemporary Romance - General,"After a decade apart, childhood sweethearts reconnect by chance in New York Times bestselling author ",Gallery Books,04/10/2018,9781501128011,72,"https://prodimage.images-bn.com/lf?set=key%5Bresolve.pixelRatio%5D,value%5B1%5D&set=key%5Bresolve.width%5D,value%5B300%5D&set=key%5Bresolve.height%5D,value%5B10000%5D&set=key%5Bresolve.imageFit%5D,value%5Bcontainerwidth%5D&set=key%5Bresolve.allowImageUpscaling%5D,value%5B0%5D&set=key%5Bresolve.format%5D,value%5Bwebp%5D&source=url%5Bhttps://prodimage.images-bn.com/pimages/9781501128011_p0_v5_s600x595.jpg%5D&scale=options%5Blimit%5D,size%5B300x10000%5D&sink=format%5Bwebp%5D"
The Housemaid,Freida McFadden,4.6,NaN,"Don't miss the USA Today bestseller and addictive psychological thriller with a jaw-dropping twist that’s burning up Instagram—Freida McFadden’s The Housemaid is perfect for fans of Ruth Ware, Lisa Jewell, and ",Grand Central Publishing,08/23/2022,9781538742570,73,"https://prodimage.images-bn.com/lf?set=key%5Bresolve.pixelRatio%5D,value%5B1%5D&set=key%5Bresolve.width%5D,value%5B600%5D&set=key%5Bresolve.height%5D,value%5B10000%5D&set=key%5Bresolve.imageFit%5D,value%5Bcontainerwidth%5D&set=key%5Bresolve.allowImageUpscaling%5D,value%5B0%5D&set=key%5Bresolve.format%5D,value%5Bwebp%5D&source=url%5Bhttps://prodimage.images-bn.com/pimages/9781538742570_p0_v2_s600x595.jpg%5D&scale=options%5Blimit%5D,size%5B600x10000%5D&sink=format%5Bwebp%5D"
A Man Called Ove,Fredrik Backman,4.5, Fiction - Other,"In this New York Times bestselling “charming debut” (People)—soon to be a major motion picture starring Tom Hanks—from one of Sweden’s most successful authors, a grumpy yet loveable man finds his solitary world turned on its head when a boisterous young family moves in next door.",Washington Square Press,05/05/2015,9781476738024,368,"https://prodimage.images-bn.com/lf?set=key%5Bresolve.pixelRatio%5D,value%5B1%5D&set=key%5Bresolve.width%5D,value%5B300%5D&set=key%5Bresolve.height%5D,value%5B10000%5D&set=key%5Bresolve.imageFit%5D,value%5Bcontainerwidth%5D&set=key%5Bresolve.allowImageUpscaling%5D,value%5B0%5D&set=key%5Bresolve.format%5D,value%5Bwebp%5D&source=url%5Bhttps://prodimage.images-bn.com/pimages/9781476738024_p0_v9_s600x595.jpg%5D&scale=options%5Blimit%5D,size%5B300x10000%5D&sink=format%5Bwebp%5D"
Dreamland,Nicholas Sparks,4.3, Romantic Love - Fiction,#1 NEW YORK TIMES BESTSELLER • A twist you won’t see coming. A love story you’ll never forget. From the acclaimed author of The Notebook comes a powerful novel about risking everything for a dream—and whether it’s possible to leave the past behind.,Random House Publishing Group,09/20/2022,9780593449554,75,"https://prodimage.images-bn.com/lf?set=key%5Bresolve.pixelRatio%5D,value%5B1%5D&set=key%5Bresolve.width%5D,value%5B600%5D&set=key%5Bresolve.height%5D,value%5B10000%5D&set=key%5Bresolve.imageFit%5D,value%5Bcontainerwidth%5D&set=key%5Bresolve.allowImageUpscaling%5D,value%5B0%5D&set=key%5Bresolve.format%5D,value%5Bwebp%5D&source=url%5Bhttps://prodimage.images-bn.com/pimages/9780593449554_p0_v5_s600x595.jpg%5D&scale=options%5Blimit%5D,size%5B600x10000%5D&sink=format%5Bwebp%5D"
Demon Copperhead (Oprah's Book Club Pick),Barbara Kingsolver,4.4, 2022 Oprah's Book Club Pick,NaN,HarperCollins Publishers,10/18/2022,9780063251922,76,"https://prodimage.images-bn.com/lf?set=key%5Bresolve.pixelRatio%5D,value%5B1%5D&set=key%5Bresolve.width%5D,value%5B600%5D&set=key%5Bresolve.height%5D,value%5B10000%5D&set=key%5Bresolve.imageFit%5D,value%5Bcontainerwidth%5D&set=key%5Bresolve.allowImageUpscaling%5D,value%5B0%5D&set=key%5Bresolve.format%5D,value%5Bwebp%5D&source=url%5Bhttps://prodimage.images-bn.com/pimages/9780063251922_p0_v4_s600x595.jpg%5D&scale=options%5Blimit%5D,size%5B600x10000%5D&sink=format%5Bwebp%5D"
The Snowy Day Board Book,Ezra Jack Keats,3.7, African Americans - Kids Fiction,"The magic and wonder of winter’s first snowfall is perfectly captured in Ezra Jack Keat’s Caldecott Medal-winning picture book. This celebrated classic has been shared by generations of readers and listeners, a must-have for every child’s bookshelf and a perfect gift for the holiday season.",Penguin Young Readers Group,01/01/1996,9780670867332,32,"https://prodimage.images-bn.com/lf?set=key%5Bresolve.pixelRatio%5D,value%5B1%5D&set=key%5Bresolve.width%5D,value%5B600%5D&set=key%5Bresolve.height%5D,value%5B10000%5D&set=key%5Bresolve.imageFit%5D,value%5Bcontainerwidth%5D&set=key%5Bresolve.allowImageUpscaling%5D,value%5B0%5D&set=key%5Bresolve.format%5D,value%5Bwebp%5D&source=url%5Bhttps://prodimage.images-bn.com/pimages/9780670867332_p0_v3_s600x595.jpg%5D&scale=options%5Blimit%5D,size%5B600x10000%5D&sink=format%5Bwebp%5D"
Things We Hide from the Light,Lucy Score,0.0, Humorous Contemporary Romance,NaN,Sourcebooks,02/21/2023,9781728276113,592,"https://prodimage.images-bn.com/lf?set=key%5Bresolve.pixelRatio%5D,value%5B1%5D&set=key%5Bresolve.width%5D,value%5B300%5D&set=key%5Bresolve.height%5D,value%5B10000%5D&set=key%5Bresolve.imageFit%5D,value%5Bcontainerwidth%5D&set=key%5Bresolve.allowImageUpscaling%5D,value%5B0%5D&set=key%5Bresolve.format%5D,value%5Bwebp%5D&source=url%5Bhttps://prodimage.images-bn.com/pimages/9781728276113_p0_v6_s600x595.jpg%5D&scale=options%5Blimit%5D,size%5B300x10000%5D&sink=format%5Bwebp%5D"
Odder,,4.3, General & Miscellaneous Kids Poetry,"Now a #1 New York Times bestseller! A touching and lyrical tale about a remarkable sea otter, from Newbery Medalist Katherine Applegate, author of Wishtree. ",Feiwel & Friends,09/20/2022,9781250147424,79,"https://prodimage.images-bn.com/lf?set=key%5Bresolve.pixelRatio%5D,value%5B1%5D&set=key%5Bresolve.width%5D,value%5B600%5D&set=key%5Bresolve.height%5D,value%5B10000%5D&set=key%5Bresolve.imageFit%5D,value%5Bcontainerwidth%5D&set=key%5Bresolve.allowImageUpscaling%5D,value%5B0%5D&set=key%5Bresolve.format%5D,value%5Bwebp%5D&source=url%5Bhttps://prodimage.images-bn.com/pimages/9781250147424_p0_v2_s600x595.jpg%5D&scale=options%5Blimit%5D,size%5B600x10000%5D&sink=format%5Bwebp%5D"
Bloodmarked,Tracy Deonn,4.9, African American->Teen fiction,An instant #1 New York Times bestseller!,Simon & Schuster Books For Young Readers,11/08/2022,9781534441637,576,"https://prodimage.images-bn.com/lf?set=key%5Bresolve.pixelRatio%5D,value%5B1%5D&set=key%5Bresolve.width%5D,value%5B600%5D&set=key%5Bresolve.height%5D,value%5B10000%5D&set=key%5Bresolve.imageFit%5D,value%5Bcontainerwidth%5D&set=key%5Bresolve.allowImageUpscaling%5D,value%5B0%5D&set=key%5Bresolve.format%5D,value%5Bwebp%5D&source=url%5Bhttps://prodimage.images-bn.com/pimages/9781534441637_p0_v3_s600x595.jpg%5D&scale=options%5Blimit%5D,size%5B600x10000%5D&sink=format%5Bwebp%5D"
Shatter Me (Shatter Me Series #1),Tahereh Mafi,4.4, Science fiction romance->Teen fiction,NaN,HarperCollins Publishers,01/09/2018,9780062085504,368,"https://prodimage.images-bn.com/lf?set=key%5Bresolve.pixelRatio%5D,value%5B1%5D&set=key%5Bresolve.width%5D,value%5B600%5D&set=key%5Bresolve.height%5D,value%5B10000%5D&set=key%5Bresolve.imageFit%5D,value%5Bcontainerwidth%5D&set=key%5Bresolve.allowImageUpscaling%5D,value%5B0%5D&set=key%5Bresolve.format%5D,value%5Bwebp%5D&source=url%5Bhttps://prodimage.images-bn.com/pimages/9780062085504_p0_v4_s600x595.jpg%5D&scale=options%5Blimit%5D,size%5B600x10000%5D&sink=format%5Bwebp%5D"
Queen of Shadows (Throne of Glass Series #4),Sarah J. Maas,4.9, Fantasy->Epic->Teen fiction,NaN,Bloomsbury USA,09/06/2016,9781619636064,672,"https://prodimage.images-bn.com/lf?set=key%5Bresolve.pixelRatio%5D,value%5B1%5D&set=key%5Bresolve.width%5D,value%5B600%5D&set=key%5Bresolve.height%5D,value%5B10000%5D&set=key%5Bresolve.imageFit%5D,value%5Bcontainerwidth%5D&set=key%5Bresolve.allowImageUpscaling%5D,value%5B0%5D&set=key%5Bresolve.format%5D,value%5Bwebp%5D&source=url%5Bhttps://prodimage.images-bn.com/pimages/9781619636064_p0_v8_s600x595.jpg%5D&scale=options%5Blimit%5D,size%5B600x10000%5D&sink=format%5Bwebp%5D"
The Hawthorne Legacy (Inheritance Games Series #2),Jennifer Lynn Barnes,4.7, Girls in life->Teen fiction,"1.5 MILLION COPIES SOLD OF THE #1 BESTSELLING SERIES! Intrigue, riches, and romance abound in this thrilling sequel to the beloved bestselling The Inheritance Games","Little, Brown Books for Young Readers",08/02/2022,9780316105187,384,"https://prodimage.images-bn.com/lf?set=key%5Bresolve.pixelRatio%5D,value%5B1%5D&set=key%5Bresolve.width%5D,value%5B600%5D&set=key%5Bresolve.height%5D,value%5B10000%5D&set=key%5Bresolve.imageFit%5D,value%5Bcontainerwidth%5D&set=key%5Bresolve.allowImageUpscaling%5D,value%5B0%5D&set=key%5Bresolve.format%5D,value%5Bwebp%5D&source=url%5Bhttps://prodimage.images-bn.com/pimages/9780316105187_p0_v2_s600x595.jpg%5D&scale=options%5Blimit%5D,size%5B600x10000%5D&sink=format%5Bwebp%5D"
Heir of Fire (Throne of Glass Series #3),Sarah J. Maas,4.7, Fantasy->Epic->Teen fiction,NaN,Bloomsbury USA,09/01/2015,9781619630673,592,"https://prodimage.images-bn.com/lf?set=key%5Bresolve.pixelRatio%5D,value%5B1%5D&set=key%5Bresolve.width%5D,value%5B600%5D&set=key%5Bresolve.height%5D,value%5B10000%5D&set=key%5Bresolve.imageFit%5D,value%5Bcontainerwidth%5D&set=key%5Bresolve.allowImageUpscaling%5D,value%5B0%5D&set=key%5Bresolve.format%5D,value%5Bwebp%5D&source=url%5Bhttps://prodimage.images-bn.com/pimages/9781619630673_p0_v6_s600x595.jpg%5D&scale=options%5Blimit%5D,size%5B600x10000%5D&sink=format%5Bwebp%5D"
"Madly, Deeply: The Diaries of Alan Rickman",,4.0, Actors & Actresses - Biography,An international bestseller,"Holt, Henry & Company, Inc.",10/18/2022,9781250847959,85,"https://prodimage.images-bn.com/lf?set=key%5Bresolve.pixelRatio%5D,value%5B1%5D&set=key%5Bresolve.width%5D,value%5B600%5D&set=key%5Bresolve.height%5D,value%5B10000%5D&set=key%5Bresolve.imageFit%5D,value%5Bcontainerwidth%5D&set=key%5Bresolve.allowImageUpscaling%5D,value%5B0%5D&set=key%5Bresolve.format%5D,value%5Bwebp%5D&source=url%5Bhttps://prodimage.images-bn.com/pimages/9781250847959_p0_v2_s600x595.jpg%5D&scale=options%5Blimit%5D,size%5B600x10000%5D&sink=format%5Bwebp%5D"
"PlantYou: 140+ Ridiculously Easy, Amazingly Delicious Plant-Based Oil-Free Recipes",,5.0, Barnes & Noble's Best Cookbooks of 2022,INSTANT NEW YORK TIMES BESTSELLER,Hachette Books,02/15/2022,9780306923043,86,"https://prodimage.images-bn.com/lf?set=key%5Bresolve.pixelRatio%5D,value%5B1%5D&set=key%5Bresolve.width%5D,value%5B600%5D&set=key%5Bresolve.height%5D,value%5B10000%5D&set=key%5Bresolve.imageFit%5D,value%5Bcontainerwidth%5D&set=key%5Bresolve.allowImageUpscaling%5D,value%5B0%5D&set=key%5Bresolve.format%5D,value%5Bwebp%5D&source=url%5Bhttps://prodimage.images-bn.com/pimages/9780306923043_p0_v6_s600x595.jpg%5D&scale=options%5Blimit%5D,size%5B600x10000%5D&sink=format%5Bwebp%5D"
The Enigma of Room 622: A Novel,,3.8, Crime Thrillers,NaN,HarperCollins Publishers,09/13/2022,9780063098817,87,"https://prodimage.images-bn.com/lf?set=key%5Bresolve.pixelRatio%5D,value%5B1%5D&set=key%5Bresolve.width%5D,value%5B600%5D&set=key%5Bresolve.height%5D,value%5B10000%5D&set=key%5Bresolve.imageFit%5D,value%5Bcontainerwidth%5D&set=key%5Bresolve.allowImageUpscaling%5D,value%5B0%5D&set=key%5Bresolve.format%5D,value%5Bwebp%5D&source=url%5Bhttps://prodimage.images-bn.com/pimages/9780063098817_p0_v3_s600x595.jpg%5D&scale=options%5Blimit%5D,size%5B600x10000%5D&sink=format%5Bwebp%5D"
A Good Girl's Guide to Murder (A Good Girl's Guide to Murder #1),Holly Jackson,4.8, Barnes & Noble YA Book Club Selections 2020,"THE MUST-READ MULTIMILLION BESTSELLING MYSTERY SERIES• Everyone is talking about A Good Girl's Guide to Murder! With shades of Serial and Making a Murderer this is the story about an investigation turned obsession, full of twists and turns and with an ending you'll never expect.",Random House Children's Books,01/05/2021,9781984896391,400,"https://prodimage.images-bn.com/lf?set=key%5Bresolve.pixelRatio%5D,value%5B1%5D&set=key%5Bresolve.width%5D,value%5B600%5D&set=key%5Bresolve.height%5D,value%5B10000%5D&set=key%5Bresolve.imageFit%5D,value%5Bcontainerwidth%5D&set=key%5Bresolve.allowImageUpscaling%5D,value%5B0%5D&set=key%5Bresolve.format%5D,value%5Bwebp%5D&source=url%5Bhttps://prodimage.images-bn.com/pimages/9781984896391_p0_v2_s600x595.jpg%5D&scale=options%5Blimit%5D,size%5B600x10000%5D&sink=format%5Bwebp%5D"
A Touch of Ruin,Scarlett St. Clair,4.6, Fantasy - Myths & Legends,NaN,Sourcebooks,08/27/2021,9781728258461,448,"https://prodimage.images-bn.com/lf?set=key%5Bresolve.pixelRatio%5D,value%5B1%5D&set=key%5Bresolve.width%5D,value%5B300%5D&set=key%5Bresolve.height%5D,value%5B10000%5D&set=key%5Bresolve.imageFit%5D,value%5Bcontainerwidth%5D&set=key%5Bresolve.allowImageUpscaling%5D,value%5B0%5D&set=key%5Bresolve.format%5D,value%5Bwebp%5D&source=url%5Bhttps://prodimage.images-bn.com/pimages/9781728258461_p0_v4_s600x595.jpg%5D&scale=options%5Blimit%5D,size%5B300x10000%5D&sink=format%5Bwebp%5D"
Local Woman Missing,Mary Kubica,4.5, Domestic Thrillers,NaN,Park Row Books,11/02/2021,9780778311669,384,"https://prodimage.images-bn.com/lf?set=key%5Bresolve.pixelRatio%5D,value%5B1%5D&set=key%5Bresolve.width%5D,value%5B600%5D&set=key%5Bresolve.height%5D,value%5B10000%5D&set=key%5Bresolve.imageFit%5D,value%5Bcontainerwidth%5D&set=key%5Bresolve.allowImageUpscaling%5D,value%5B0%5D&set=key%5Bresolve.format%5D,value%5Bwebp%5D&source=url%5Bhttps://prodimage.images-bn.com/pimages/9780778311669_p0_v8_s600x595.jpg%5D&scale=options%5Blimit%5D,size%5B600x10000%5D&sink=format%5Bwebp%5D"
Ghost Eaters: A Novel,Clay Chapman,3.8, Supernatural Horror,"“A Gothic-punk graveyard tale about what haunts history and what haunts the human soul. An addicting read that draws you into its descent from the first page.”—Chuck Wendig, New York Times best-selling author of The Book of AccidentsOne of Vulture's Best Horror Novels of 2022 (So Far), this terrifying supernatural page-turner will make you think twice about opening doors to the unknown.",Quirk Publishing,09/20/2022,9781683692171,92,"https://prodimage.images-bn.com/lf?set=key%5Bresolve.pixelRatio%5D,value%5B1%5D&set=key%5Bresolve.width%5D,value%5B600%5D&set=key%5Bresolve.height%5D,value%5B10000%5D&set=key%5Bresolve.imageFit%5D,value%5Bcontainerwidth%5D&set=key%5Bresolve.allowImageUpscaling%5D,value%5B0%5D&set=key%5Bresolve.format%5D,value%5Bwebp%5D&source=url%5Bhttps://prodimage.images-bn.com/pimages/9781683692171_p0_v1_s600x595.jpg%5D&scale=options%5Blimit%5D,size%5B600x10000%5D&sink=format%5Bwebp%5D"
Mad Honey (Signed Book),,4.5, Good Morning America Book Club Picks 2022,"A soul-stirring novel about what we choose to keep from our past and what we choose to leave behind, from the New York Times bestselling author of Wish You Were Here and the bestselling author of She's Not There",Random House Publishing Group,10/04/2022,9780593597675,464,"https://prodimage.images-bn.com/lf?set=key%5Bresolve.pixelRatio%5D,value%5B1%5D&set=key%5Bresolve.width%5D,value%5B600%5D&set=key%5Bresolve.height%5D,value%5B10000%5D&set=key%5Bresolve.imageFit%5D,value%5Bcontainerwidth%5D&set=key%5Bresolve.allowImageUpscaling%5D,value%5B0%5D&set=key%5Bresolve.format%5D,value%5Bwebp%5D&source=url%5Bhttps://prodimage.images-bn.com/pimages/9780593597675_p0_v1_s600x595.jpg%5D&scale=options%5Blimit%5D,size%5B600x10000%5D&sink=format%5Bwebp%5D"
The Revolutionary: Samuel Adams,Stacy Schiff,4.4, American Revolution - Biography,"A New York Times Bestseller Best Books of 2022 — New York Times, The New Yorker, NPR, The Wall Street Journal, Oprah Daily, Los Angeles Times, TIME, USA Today, New York Magazine, Air Mail, Daily Kos, Boston Globe, Barnes & Noble, BookPage, GoodReads Best Audiobooks of 2022 — Apple and AudioFile A revelatory biography from a Pulitzer Prize-winner about the most essential Founding Father—the one who stood behind the change in thinking that produced the American Revolution.","Little, Brown and Company",10/25/2022,9780316441117,94,"https://prodimage.images-bn.com/lf?set=key%5Bresolve.pixelRatio%5D,value%5B1%5D&set=key%5Bresolve.width%5D,value%5B300%5D&set=key%5Bresolve.height%5D,value%5B10000%5D&set=key%5Bresolve.imageFit%5D,value%5Bcontainerwidth%5D&set=key%5Bresolve.allowImageUpscaling%5D,value%5B0%5D&set=key%5Bresolve.format%5D,value%5Bwebp%5D&source=url%5Bhttps://prodimage.images-bn.com/pimages/9780316441117_p0_v3_s600x595.jpg%5D&scale=options%5Blimit%5D,size%5B300x10000%5D&sink=format%5Bwebp%5D"
The Luminaries (Barnes & Noble YA Book Club Edition),Susan Dennard,4.4, Barnes & Noble YA Book Club Selections 2022,"This B&N YA Book Club Edition includes an alternate cover with copper foiling, a unique case color and case stamp, and exclusive endpapers. ",Tom Doherty Associates,11/01/2022,9781250896155,304,"https://prodimage.images-bn.com/lf?set=key%5Bresolve.pixelRatio%5D,value%5B1%5D&set=key%5Bresolve.width%5D,value%5B600%5D&set=key%5Bresolve.height%5D,value%5B10000%5D&set=key%5Bresolve.imageFit%5D,value%5Bcontainerwidth%5D&set=key%5Bresolve.allowImageUpscaling%5D,value%5B0%5D&set=key%5Bresolve.format%5D,value%5Bwebp%5D&source=url%5Bhttps://prodimage.images-bn.com/pimages/9781250896155_p0_v9_s600x595.jpg%5D&scale=options%5Blimit%5D,size%5B600x10000%5D&sink=format%5Bwebp%5D"
Triple Cross (Alex Cross Series #28),James Patterson,4.0, Big City Cops - Fiction,James Patterson's #1 bestselling hero Detective Alex Cross hunts down a serial killer who targets entire families—and who will next be coming for the Crosses. ,"Little, Brown and Company",10/31/2022,9780316499187,416,"https://prodimage.images-bn.com/lf?set=key%5Bresolve.pixelRatio%5D,value%5B1%5D&set=key%5Bresolve.width%5D,value%5B600%5D&set=key%5Bresolve.height%5D,value%5B10000%5D&set=key%5Bresolve.imageFit%5D,value%5Bcontainerwidth%5D&set=key%5Bresolve.allowImageUpscaling%5D,value%5B0%5D&set=key%5Bresolve.format%5D,value%5Bwebp%5D&source=url%5Bhttps://prodimage.images-bn.com/pimages/9780316499187_p0_v3_s600x595.jpg%5D&scale=options%5Blimit%5D,size%5B600x10000%5D&sink=format%5Bwebp%5D"
Ugly Love,Colleen Hoover,4.7, Contemporary Romance - General,"From Colleen Hoover, the #1 New York Times bestselling author of It Starts with Us and It Ends with Us, a heart-wrenching love story that proves attraction at first sight can be messy. ",Atria Books,08/05/2014,9781476753188,97,"https://prodimage.images-bn.com/lf?set=key%5Bresolve.pixelRatio%5D,value%5B1%5D&set=key%5Bresolve.width%5D,value%5B300%5D&set=key%5Bresolve.height%5D,value%5B10000%5D&set=key%5Bresolve.imageFit%5D,value%5Bcontainerwidth%5D&set=key%5Bresolve.allowImageUpscaling%5D,value%5B0%5D&set=key%5Bresolve.format%5D,value%5Bwebp%5D&source=url%5Bhttps://prodimage.images-bn.com/pimages/9781476753188_p0_v9_s600x595.jpg%5D&scale=options%5Blimit%5D,size%5B300x10000%5D&sink=format%5Bwebp%5D"
The Bandit Queens (Barnes & Noble Book Club Edition),Parini Shroff,4.3, 2023 Barnes & Noble Book Club Selections,This Barnes & Noble Book Club Edition includes an essay from author Parini Shroff reflecting on the inspiration for and experience of writing The Bandit Queens as well as a Q&A with the author and a reader discussion guide.,Random House Publishing Group,01/03/2023,9780593722909,352,"https://prodimage.images-bn.com/lf?set=key%5Bresolve.pixelRatio%5D,value%5B1%5D&set=key%5Bresolve.width%5D,value%5B600%5D&set=key%5Bresolve.height%5D,value%5B10000%5D&set=key%5Bresolve.imageFit%5D,value%5Bcontainerwidth%5D&set=key%5Bresolve.allowImageUpscaling%5D,value%5B0%5D&set=key%5Bresolve.format%5D,value%5Bwebp%5D&source=url%5Bhttps://prodimage.images-bn.com/pimages/9780593722909_p0_v6_s600x595.jpg%5D&scale=options%5Blimit%5D,size%5B600x10000%5D&sink=format%5Bwebp%5D"
Atomic Habits: An Easy & Proven Way to Build Good Habits & Break Bad Ones,James Clear,4.9, Behavioral Psychology,The #1 New York Times bestseller,Penguin Publishing Group,10/16/2018,9780735211292,99,"https://prodimage.images-bn.com/lf?set=key%5Bresolve.pixelRatio%5D,value%5B1%5D&set=key%5Bresolve.width%5D,value%5B300%5D&set=key%5Bresolve.height%5D,value%5B10000%5D&set=key%5Bresolve.imageFit%5D,value%5Bcontainerwidth%5D&set=key%5Bresolve.allowImageUpscaling%5D,value%5B0%5D&set=key%5Bresolve.format%5D,value%5Bwebp%5D&source=url%5Bhttps://prodimage.images-bn.com/pimages/9780735211292_p0_v14_s600x595.jpg%5D&scale=options%5Blimit%5D,size%5B300x10000%5D&sink=format%5Bwebp%5D"
The House in the Pines: A Novel,Ana Reyes,3.4, 2023 Reese's Book Club Picks,"An instant New York Times bestseller!""This is an absolute, can’t-put-it-down thriller...It’s truly a wild ride that had me flying through chapter after chapter—which I think is the perfect way to kick off your year of reading."" —Reese Witherspoon (Reese’s Book Club Jan ’23 Pick)Armed with only hazy memories, a woman who long ago witnessed her friend’s sudden, mysterious death, and has since spent her life trying to forget, sets out to track down answers. What she uncovers, deep in the woods, is hardly to be believed....",Penguin Publishing Group,01/03/2023,9780593186718,100,"https://prodimage.images-bn.com/lf?set=key%5Bresolve.pixelRatio%5D,value%5B1%5D&set=key%5Bresolve.width%5D,value%5B600%5D&set=key%5Bresolve.height%5D,value%5B10000%5D&set=key%5Bresolve.imageFit%5D,value%5Bcontainerwidth%5D&set=key%5Bresolve.allowImageUpscaling%5D,value%5B0%5D&set=key%5Bresolve.format%5D,value%5Bwebp%5D&source=url%5Bhttps://prodimage.images-bn.com/pimages/9780593186718_p0_v4_s600x595.jpg%5D&scale=options%5Blimit%5D,size%5B600x10000%5D&sink=format%5Bwebp%5D"
Crown of Midnight (Throne of Glass Series #2),Sarah J. Maas,4.7, Fantasy->Epic->Teen fiction,NaN,Bloomsbury USA,09/02/2014,9781619630642,First Edition,"https://prodimage.images-bn.com/lf?set=key%5Bresolve.pixelRatio%5D,value%5B1%5D&set=key%5Bresolve.width%5D,value%5B600%5D&set=key%5Bresolve.height%5D,value%5B10000%5D&set=key%5Bresolve.imageFit%5D,value%5Bcontainerwidth%5D&set=key%5Bresolve.allowImageUpscaling%5D,value%5B0%5D&set=key%5Bresolve.format%5D,value%5Bwebp%5D&source=url%5Bhttps://prodimage.images-bn.com/pimages/9781619630642_p0_v13_s600x595.jpg%5D&scale=options%5Blimit%5D,size%5B600x10000%5D&sink=format%5Bwebp%5D"
Fourth Wing,Rebecca Yarros,0.0, Epic Fantasy,"LIMITED FIRST PRINT EDITION—featuring spray-painted edges with stenciled flying dragons, as well as gorgeously detailed map endpapers. This breathtaking first edition is only available for a limited time and while supplies last.","Entangled Publishing, LLC",05/02/2023,9781649374042,102,"https://prodimage.images-bn.com/lf?set=key%5Bresolve.pixelRatio%5D,value%5B1%5D&set=key%5Bresolve.width%5D,value%5B600%5D&set=key%5Bresolve.height%5D,value%5B10000%5D&set=key%5Bresolve.imageFit%5D,value%5Bcontainerwidth%5D&set=key%5Bresolve.allowImageUpscaling%5D,value%5B0%5D&set=key%5Bresolve.format%5D,value%5Bwebp%5D&source=url%5Bhttps://prodimage.images-bn.com/pimages/9781649374042_p0_v4_s600x595.jpg%5D&scale=options%5Blimit%5D,size%5B600x10000%5D&sink=format%5Bwebp%5D"
